{
  "losses": [
    0.00589553981869664,
    0.0054331749078616424,
    0.0051165654431635415,
    0.005069119621760881,
    0.004903095301671244
  ],
  "metrics": {
    "adjusted_mean_rank": {
      "both": 0.9770216945540252,
      "head": 0.9965255199676722,
      "tail": 0.9575178691403783
    },
    "hits_at_k": {
      "both": {
        "avg": {
          "1": 0.0,
          "3": 0.4577114427860697,
          "5": 0.7114427860696517,
          "10": 0.9577114427860697
        },
        "best": {
          "1": 0.0,
          "3": 0.4577114427860697,
          "5": 0.7114427860696517,
          "10": 0.9577114427860697
        },
        "worst": {
          "1": 0.0,
          "3": 0.4577114427860697,
          "5": 0.7114427860696517,
          "10": 0.9577114427860697
        }
      },
      "head": {
        "avg": {
          "1": 0.0,
          "3": 0.4577114427860697,
          "5": 0.6865671641791045,
          "10": 0.9552238805970149
        },
        "best": {
          "1": 0.0,
          "3": 0.4577114427860697,
          "5": 0.6865671641791045,
          "10": 0.9552238805970149
        },
        "worst": {
          "1": 0.0,
          "3": 0.4577114427860697,
          "5": 0.6865671641791045,
          "10": 0.9552238805970149
        }
      },
      "tail": {
        "avg": {
          "1": 0.0,
          "3": 0.4577114427860697,
          "5": 0.736318407960199,
          "10": 0.9601990049751243
        },
        "best": {
          "1": 0.0,
          "3": 0.4577114427860697,
          "5": 0.736318407960199,
          "10": 0.9601990049751243
        },
        "worst": {
          "1": 0.0,
          "3": 0.4577114427860697,
          "5": 0.736318407960199,
          "10": 0.9601990049751243
        }
      }
    },
    "mean_rank": {
      "both": {
        "avg": 4.497512437810945,
        "best": 4.497512437810945,
        "worst": 4.497512437810945
      },
      "head": {
        "avg": 4.507462686567164,
        "best": 4.507462686567164,
        "worst": 4.507462686567164
      },
      "tail": {
        "avg": 4.487562189054726,
        "best": 4.487562189054726,
        "worst": 4.487562189054726
      }
    },
    "mean_reciprocal_rank": {
      "both": {
        "avg": 0.29357726298024805,
        "best": 0.29357726298024805,
        "worst": 0.29357726298024805
      },
      "head": {
        "avg": 0.2954973163928388,
        "best": 0.2954973163928388,
        "worst": 0.2954973163928388
      },
      "tail": {
        "avg": 0.29165720956765734,
        "best": 0.29165720956765734,
        "worst": 0.29165720956765734
      }
    }
  },
  "times": {
    "evaluation": 0.2311556339263916,
    "training": 0.938899040222168
  }
}